Garage,construction
House,construction
House,alteration
House,renovation
Apartment,construction
Duplex,house
house,construction
Flat,construction
Semi-detached,house
house,construction
Commercial,building
building,construction
Industrial,building
building,construction
Office,building
building,construction
Prefabricated,non-residential
non-residential,building
building,assembly
Aerodrome,runway
runway,construction
Asphalt,surfacing
Bridge,construction
Elevated,highway
highway,construction
Overpass,construction
Parking,lot
lot,construction
Repair,maintenance
maintenance,roads
roads,bridges
Road,construction
Breakwater,construction
Cable,laying
Canal,construction
Dam,construction
Distribution,line
line,electricity
electricity,communication
communication,construction
Electrical,machinery
machinery,heavy
heavy,installation
Electricity,power
power,plant
plant,construction
Flood,control
control,system
system,construction
Furnace,construction
Golf,course
course,construction
Harbour,work
work,construction
Irrigation,system
system,construction
Jetty,construction
Lake,construction
Mine,site
site,construction
Oil,refinery
refinery,construction
Pile,driving
Pipeline,construction
Railway,permanent
permanent,way
way,construction
River,work
work,construction
Sewage,stormwater
stormwater,drainage
drainage,system
system,construction
Sewage,treatment
treatment,plant
plant,construction
Sports,field
field,construction
Swimming,pool
pool,below
below,ground
ground,concrete
concrete,fibreglass
fibreglass,construction
Television,radio
radio,transmitting
transmitting,tower
tower,construction
Tunnel,construction
Water,filtration
filtration,plant
plant,construction
Water,tank
tank,construction
Land,subdivision
subdivision,development
Demolition,buildings
buildings,other
other,structures
Explosives,laying
Ground,de-watering
Land,clearing
Removal,overburden
Trench,digging
Concrete,footpath
footpath,construction
Concrete,foundation
foundation,construction
Concrete,kerb
kerb,and
and,guttering
guttering,construction
Concrete,pumping
Concrete,work
work,construction
construction,projects
Repair,kerbs
kerbs,gutters
gutters,other
other,concrete
concrete,structural
structural,products
Concrete,block
block,laying
Repair,brickwork
Stonework,construction
construction,projects
Metal,roof
roof,fixing
Roof,painting
painting,spraying
spraying,coating
Roof,tiling
Metal,silo
silo,erection
Metal,storage
storage,tank
tank,erection
Reinforcing,steel
steel,erection
Structural,steel
steel,erection
Truss,joist
joist,steel
steel,erection
Welding,work
work,construction
construction,projects
Drain,construction
construction,repairing
Gas,plumbing
Guttering,roof
roof,installation
installation,repair
Hot,water
water,system
system,installation
Installation,domestic
domestic,water
water,recycling
recycling,equipment
Repair,installed
installed,plumbing
Septic,tank
tank,installation
Solar,hot
hot,water
water,system
system,installation
Electric,light
light,installation
Electric,wiring
wiring,installation
Electrical,installation
installation,work
Installation,television
television,antennae
antennae,cable
Installation,television
television,satellite
satellite,dish
Repair,maintenance
maintenance,electrical
electrical,wiring
Telecommunication,cable
cable,wire
wire,installation
Traffic,signal
signal,installation
Air,conditioning
conditioning,duct
duct,work
work,installation
Air,conditioning
conditioning,equipment
equipment,installation
Coolroom,refrigerator
refrigerator,installation
Freezer,room
room,construction
Heating,equipment
equipment,installation
Oil,heater
heater,installation
Refrigeration,equipment
equipment,installation
Ventilation,equipment
equipment,installation
installation,n.e.c
Closed,circuit
circuit,video
video,surveillance
surveillance,system
system,installation
Fire,alarm
alarm,system
system,installation
Fire,sprinkler
sprinkler,installation
Repair,installed
installed,fire
fire,burglar
burglar,security
security,alarm
alarm,systems
Security,system
system,installation
Smoke,detector
detector,installation
Awning,blind
blind,shutter
shutter,installation
Curtain,installation
Elevator,escalator
escalator,lift
lift,installation
Flywire,screen
screen,installation
Insulation,material
material,installation
Cement,rendering
rendering,buildings
Decorative,plaster
plaster,fixing
Fibrous,plaster
plaster,fixing
fixing,finishing
Plaster,work
work,construction
construction,projects
Plasterboard,fixing
fixing,finishing
Carpentry,work
work,construction
construction,projects
Joinery,work
work,construction
construction,projects
Roof,truss
truss,wooden
wooden,fixing
Wooden,flooring
flooring,installation
Wooden,formwork
formwork,erection
Wooden,kitchen
kitchen,cabinet
cabinet,installation
Wooden,roof
roof,truss
truss,installation
Carpet,carpet
carpet,tile
tile,laying
Floor,covering
covering,laying
laying,n.e.c
Floor,sanding
Floor,tiling
Linoleum,linotile
linotile,fixing
Mosaic,work
work,construction
construction,projects
Slate,flooring
flooring,installation
Terrazzo,laying
Wall,tiling
House,painting
Painting,buildings
buildings,other
other,structures
Spray,painting
painting,buildings
buildings,other
other,structures
Window,frame
frame,installation
Window,installation
Window,insulation
insulation,fixing
Brick,paving
Fence,construction
Pond,construction
Landscape,construction
Lawn,construction
Retaining,wall
wall,construction
Rockery,work
Streetscape,planting
Construction,machinery
machinery,hiring
hiring,with
with,operator
Crane,hiring
hiring,with
with,operator
Metal,wall
wall,cladding
cladding,fixing
fixing,to
to,buildings
Petrol,bowser
bowser,installation
Sand,blasting
blasting,steam
steam,cleaning
cleaning,building
building,exteriors
Scaffolding,construction
Waterproofing,building
